id	group	label	path
multiqc_1	multiqc	MultiQC project report	04_reports/multiqc_report.html
raw_fastqc_2	raw_fastqc	P1_R1_fastqc.html	03_results/raw_fastqc/P1/P1_R1_fastqc.html
raw_fastqc_3	raw_fastqc	P1_R2_fastqc.html	03_results/raw_fastqc/P1/P1_R2_fastqc.html
raw_fastqc_4	raw_fastqc	S2_fastqc.html	03_results/raw_fastqc/S2/S2_fastqc.html
fastp_5	fastp	P1.fastp.html	03_results/fastp/P1.fastp.html
fastp_6	fastp	S2.fastp.html	03_results/fastp/S2.fastp.html
clean_fastqc_7	clean_fastqc	P1_R1.clean_fastqc.html	03_results/clean_fastqc/P1/P1_R1.clean_fastqc.html
clean_fastqc_8	clean_fastqc	P1_R2.clean_fastqc.html	03_results/clean_fastqc/P1/P1_R2.clean_fastqc.html
clean_fastqc_9	clean_fastqc	S2.clean_fastqc.html	03_results/clean_fastqc/S2/S2.clean_fastqc.html
